Ticker,Name
JNJ,JOHNSON & JOHNSON
PFE,PFIZER INC
MRK,MERCK & CO. INC.
ABBV,ABBVIE INC
LLY,ELI LILLY & CO
AMGN,AMGEN INC
GILD,GILEAD SCIENCES INC
BMY,BRISTOL-MYERS SQUIBB CO
CELG,CELGENE CORP
ZTS,ZOETIS INC
BIIB,BIOGEN INC
VRTX,VERTEX PHARMACEUTICALS INC
AGN,ALLERGAN PLC
REGN,REGENERON PHARMACEUTICALS
ALXN,ALEXION PHARMACEUTICALS INC
INCY,INCYTE CORP
BMRN,BIOMARIN PHARMACEUTICAL INC
ELAN,ELANCO ANIMAL HEALTH INC
SGEN,SEATTLE GENETICS INC
MYL,MYLAN NV
IONS,IONIS PHARMACEUTICALS INC
SRPT,SAREPTA THERAPEUTICS INC
SAGE,SAGE THERAPEUTICS INC
GH,GUARDANT HEALTH INC
BGNE,BEIGENE LTD-ADR
NBIX,NEUROCRINE BIOSCIENCES INC
ALNY,ALNYLAM PHARMACEUTICALS INC
JAZZ,JAZZ PHARMACEUTICALS PLC
BLUE,BLUEBIRD BIO INC
ARRY,ARRAY BIOPHARMA INC
EXEL,EXELIXIS INC
PRGO,PERRIGO CO PLC
AMRN,AMARIN CORP PLC -ADR
NKTR,NEKTAR THERAPEUTICS
ASND,ASCENDIS PHARMA A/S - ADR
GWPRF,GW PHARMACEUTICALS PLC
MRNA,MODERNA INC
HZNP,HORIZON THERAPEUTICS PLC
BPMC,BLUEPRINT MEDICINES CORP
TLRY,TILRAY INC-CLASS 2 COMMON
ONCE,SPARK THERAPEUTICS INC
ACAD,ACADIA PHARMACEUTICALS INC
TARO,TARO PHARMACEUTICAL INDUS
UTHR,UNITED THERAPEUTICS CORP
CBPO,CHINA BIOLOGIC PRODUCTS HOLD
ALKS,ALKERMES PLC
MRTX,MIRATI THERAPEUTICS INC
FGEN,FIBROGEN INC
RARE,ULTRAGENYX PHARMACEUTICAL IN
ALLO,ALLOGENE THERAPEUTICS INC
GBT,GLOBAL BLOOD THERAPEUTICS IN
AATP,AGAPE ATP CORP
AGIO,AGIOS PHARMACEUTICALS INC
FOLD,AMICUS THERAPEUTICS INC
ARNA,ARENA PHARMACEUTICALS INC
BHVN,BIOHAVEN PHARMACEUTICAL HOLD
MDCO,MEDICINES COMPANY
RETA,REATA PHARMACEUTICALS INC-A
ICPT,INTERCEPT PHARMACEUTICALS IN
ARWR,ARROWHEAD PHARMACEUTICALS IN
QURE,UNIQURE NV
IMMU,IMMUNOMEDICS INC
PTCT,PTC THERAPEUTICS INC
IOVA,IOVANCE BIOTHERAPEUTICS INC
CRSP,CRISPR THERAPEUTICS AG
EBS,EMERGENT BIOSOLUTIONS INC
HALO,HALOZYME THERAPEUTICS INC
AMRX,AMNEAL PHARMACEUTICALS INC
MYOK,MYOKARDIA INC
LGND,LIGAND PHARMACEUTICALS
INSM,INSMED INC
ANAB,ANAPTYSBIO INC
XLRN,ACCELERON PHARMA INC
AKCA,AKCEA THERAPEUTICS INC
ENTA,ENANTA PHARMACEUTICALS INC
DNLI,DENALI THERAPEUTICS INC
PTLA,PORTOLA PHARMACEUTICALS INC
PCRX,PACIRA BIOSCIENCES INC
XNCR,XENCOR INC
ALLK,ALLAKOS INC
USNA,USANA HEALTH SCIENCES INC
IRWD,IRONWOOD PHARMACEUTICALS INC
RGNX,REGENXBIO INC
TCDA,TRICIDA INC
ZGNX,ZOGENIX INC
BOLD,AUDENTES THERAPEUTICS INC
SUPN,SUPERNUS PHARMACEUTICALS INC
PBH,PRESTIGE CONSUMER HEALTHCARE
PRED,PREDICTIVE TECHNOLOGY GROUP
AERI,AERIE PHARMACEUTICALS INC
MDGL,MADRIGAL PHARMACEUTICALS INC
CBM,CAMBREX CORP
ORTX,ORCHARD THERAPEUTICS PLC
INVA,INNOVIVA INC
ALEC,ALECTOR INC
HRTX,HERON THERAPEUTICS INC
ESPR,ESPERION THERAPEUTICS INC
APLS,APELLIS PHARMACEUTICALS INC
EPZM,EPIZYME INC
ATNX,ATHENEX INC
AIMT,AIMMUNE THERAPEUTICS INC
GOSS,GOSSAMER BIO INC
CHRS,COHERUS BIOSCIENCES INC
CORT,CORCEPT THERAPEUTICS INC
MNTA,MOMENTA PHARMACEUTICALS INC
RUBY,RUBIUS THERAPEUTICS INC
EIDX,EIDOS THERAPEUTICS INC
PAHC,PHIBRO ANIMAL HEALTH CORP-A
TPTX,TURNING POINT THERAPEUTICS I
SGMO,SANGAMO THERAPEUTICS INC
EDIT,EDITAS MEDICINE INC
FATE,FATE THERAPEUTICS INC
ATRA,ATARA BIOTHERAPEUTICS INC
ENDP,ENDO INTERNATIONAL PLC
RDUS,RADIUS HEALTH INC
XON,INTREXON CORP
ALDR,ALDER BIOPHARMACEUTICALS INC
DRNA,DICERNA PHARMACEUTICALS INC
AMPH,AMPHASTAR PHARMACEUTICALS IN
NGM,NGM BIOPHARMACEUTICALS INC
TBPH,THERAVANCE BIOPHARMA INC
APM,APTORUM GROUP LTD-CLASS A
SPPI,SPECTRUM PHARMACEUTICALS INC
VYGR,VOYAGER THERAPEUTICS INC
RARX,RA PHARMACEUTICALS INC
ANIP,ANI PHARMACEUTICALS INC
OMER,OMEROS CORP
FIXX,HOMOLOGY MEDICINES INC
WVE,WAVE LIFE SCIENCES LTD
RCKT,ROCKET PHARMACEUTICALS INC
DCPH,DECIPHERA PHARMACEUTICALS IN
TWST,TWIST BIOSCIENCE CORP
MNK,MALLINCKRODT PLC
CARA,CARA THERAPEUTICS INC
RTRX,RETROPHIN INC
RYTM,RHYTHM PHARMACEUTICALS INC
MYOV,MYOVANT SCIENCES LTD
YMAB,Y-MABS THERAPEUTICS INC
PRNB,PRINCIPIA BIOPHARMA INC
XENT,INTERSECT ENT INC
URGN,UROGEN PHARMA LTD
CLVS,CLOVIS ONCOLOGY INC
MGNX,MACROGENICS INC
KNSA,KINIKSA PHARMACEUTICALS-A
ZIOP,ZIOPHARM ONCOLOGY INC
AUTL,AUTOLUS THERAPEUTICS PLC
VNDA,VANDA PHARMACEUTICALS INC
ADVM,ADVERUM BIOTECHNOLOGIES INC
CRTX,CORTEXYME INC
GTHX,G1 THERAPEUTICS INC
AXSM,AXSOME THERAPEUTICS INC
MGTX,MEIRAGTX HOLDINGS PLC
EGRX,EAGLE PHARMACEUTICALS INC
ARQL,ARQULE INC
ORGO,ORGANOGENESIS HOLDINGS INC
ODT,ODONATE THERAPEUTICS INC
TGTX,TG THERAPEUTICS INC
NTLA,INTELLIA THERAPEUTICS INC
KURA,KURA ONCOLOGY INC
EMIS,EMISPHERE TECHNOLOGIES INC
DTIL,PRECISION BIOSCIENCES INC
ARVN,ARVINAS INC
LXRX,LEXICON PHARMACEUTICALS INC
ITCI,INTRA-CELLULAR THERAPIES INC
STML,STEMLINE THERAPEUTICS INC
HSKA,HESKA CORP
MRMD,MARIMED INC
TXMD,THERAPEUTICSMD INC
ANIK,ANIKA THERAPEUTICS INC
VKTX,VIKING THERAPEUTICS INC
TMDX,TRANSMEDICS GROUP INC
MGTA,MAGENTA THERAPEUTICS INC
CYTK,CYTOKINETICS INC
CRNX,CRINETICS PHARMACEUTICALS IN
AKRX,AKORN INC
PBYI,PUMA BIOTECHNOLOGY INC
TBIO,TRANSLATE BIO INC
DERM,DERMIRA INC
AKBA,AKEBIA THERAPEUTICS INC
CCXI,CHEMOCENTRYX INC
RVNC,REVANCE THERAPEUTICS INC
ATRS,ANTARES PHARMA INC
GLYC,GLYCOMIMETICS INC
MIST,MILESTONE PHARMACEUTICALS IN
KRYS,KRYSTAL BIOTECH INC
SRRK,SCHOLAR ROCK HOLDING CORP
CTMX,CYTOMX THERAPEUTICS INC
PRVB,PROVENTION BIO INC
OBSV,OBSEVA SA
CRBP,CORBUS PHARMACEUTICALS HOLDI
MITO,STEALTH BIOTHERAPEUTICS CORP
SIGA,SIGA TECHNOLOGIES INC
FLXN,FLEXION THERAPEUTICS INC
KLDO,KALEIDO BIOSCIENCES INC
CBAY,CYMABAY THERAPEUTICS INC
CVSI,CV SCIENCES INC
PRQR,PROQR THERAPEUTICS NV
KOD,KODIAK SCIENCES INC
BSTC,BIOSPECIFICS TECHNOLOGIES
BYSI,BEYONDSPRING INC
REPL,REPLIMUNE GROUP INC
THOR,SYNTHORX INC
SVRA,SAVARA INC
BCRX,BIOCRYST PHARMACEUTICALS INC
ALBO,ALBIREO PHARMA INC
COLL,COLLEGIUM PHARMACEUTICAL INC
MNOV,MEDICINOVA INC
ACHN,ACHILLION PHARMACEUTICALS
TCRR,TCR2 THERAPEUTICS INC
PRTA,PROTHENA CORP PLC
ADAP,ADAPTIMMUNE THERAPEUTICS-ADR
BDSI,BIODELIVERY SCIENCES INTL
ASMB,ASSEMBLY BIOSCIENCES INC
NCNA,NUCANA PLC-ADR
ACOR,ACORDA THERAPEUTICS INC
CPRX,CATALYST PHARMACEUTICALS INC
SRNE,SORRENTO THERAPEUTICS INC
EOLS,EVOLUS INC
AGEN,AGENUS INC
PDLI,PDL BIOPHARMA INC
ACIU,AC IMMUNE SA
NXTC,NEXTCURE INC
RCUS,ARCUS BIOSCIENCES INC
UBX,UNITY BIOTECHNOLOGY INC
GRTS,GRITSTONE ONCOLOGY INC
PGNX,PROGENICS PHARMACEUTICALS
FTSV,FORTY SEVEN INC
RIGL,RIGEL PHARMACEUTICALS INC
KPTI,KARYOPHARM THERAPEUTICS INC
AVRO,AVROBIO INC
PLSI,PHOENIX LIFE SCIENCES INTERN
AMAG,AMAG PHARMACEUTICALS INC
KALV,KALVISTA PHARMACEUTICALS INC
ELOX,ELOXX PHARMACEUTICALS INC
KIN,KINDRED BIOSCIENCES INC
MRUS,MERUS NV
PHAS,PHASEBIO PHARMACEUTICALS INC
TORC,RESTORBIO INC
IMGN,IMMUNOGEN INC
AXLA,AXCELLA HEALTH INC
CASI,CASI PHARMACEUTICALS INC
XBIT,XBIOTECH INC
ZYNE,ZYNERBA PHARMACEUTICALS INC
HARP,HARPOON THERAPEUTICS INC
LOGC,LOGICBIO THERAPEUTICS INC
PTGX,PROTAGONIST THERAPEUTICS INC
MRKR,MARKER THERAPEUTICS INC
STRO,SUTRO BIOPHARMA INC
LJPC,LA JOLLA PHARMACEUTICAL CO
OPTN,OPTINOSE INC
UROV,UROVANT SCIENCES LTD
CYCN,CYCLERION THERAPEUTICS INC
ABVC,AMERICAN BRIVISION HOLDING C
CNST,CONSTELLATION PHARMACEUTICAL
MTEM,MOLECULAR TEMPLATES INC
PTN,PALATIN TECHNOLOGIES INC
ABEO,ABEONA THERAPEUTICS INC
GERN,GERON CORP
CHMA,CHIASMA INC
EIGR,EIGER BIOPHARMACEUTICALS INC
DVAX,DYNAVAX TECHNOLOGIES CORP
CNCE,CONCERT PHARMACEUTICALS INC
INO,INOVIO PHARMACEUTICALS INC
SYRS,SYROS PHARMACEUTICALS INC
PETX,ARATANA THERAPEUTICS INC
ATHX,ATHERSYS INC
DOVA,DOVA PHARMACEUTICALS INC
XENE,XENON PHARMACEUTICALS INC
ENOB,ENOCHIAN BIOSCIENCES INC
KDMN,KADMON HOLDINGS INC
VRCA,VERRICA PHARMACEUTICALS INC
CDXC,CHROMADEX CORP
XERS,XERIS PHARMACEUTICALS INC
IDYA,IDEAYA BIOSCIENCES INC
PSIQ,PROFILE SOLUTIONS INC
FPRX,FIVE PRIME THERAPEUTICS INC
HOOK,HOOKIPA PHARMA INC
MNKD,MANNKIND CORP
CDMO,AVID BIOSERVICES INC
EVLO,EVELO BIOSCIENCES INC
LCI,LANNETT CO INC
ADMA,ADMA BIOLOGICS INC
PFNX,PFENEX INC
BCYC,BICYCLE THERAPEUTICS LTD-ADR
PIRS,PIERIS PHARMACEUTICALS INC
SNDX,SYNDAX PHARMACEUTICALS INC
ASRT,ASSERTIO THERAPEUTICS INC
CGEN,COMPUGEN LTD
CALA,CALITHERA BIOSCIENCES INC
REPH,RECRO PHARMA INC
MRNS,MARINUS PHARMACEUTICALS INC
ACRS,ACLARIS THERAPEUTICS INC
MRSN,MERSANA THERAPEUTICS INC
ALTA,ALTEROLA BIOTECH INC
ACRX,ACELRX PHARMACEUTICALS INC
CRMD,CORMEDIX INC
GMDA,GAMIDA CELL LTD
AFMD,AFFIMED NV
NERV,MINERVA NEUROSCIENCES INC
ALDX,ALDEYRA THERAPEUTICS INC
OCX,ONCOCYTE CORP
KZR,KEZAR LIFE SCIENCES INC
SPRO,SPERO THERAPEUTICS INC
CVM,CEL-SCI CORP
MEIP,MEI PHARMA INC
CMRX,CHIMERIX INC
AGLE,AEGLEA BIOTHERAPEUTICS INC
NATR,NATURES SUNSHINE PRODS INC
KALA,KALA PHARMACEUTICALS INC
MLND,MILLENDO THERAPEUTICS INC
SLDB,SOLID BIOSCIENCES INC
EYPT,EYEPOINT PHARMACEUTICALS INC
SLGL,SOL-GEL TECHNOLOGIES LTD
XFOR,X4 PHARMACEUTICALS INC
CUE,CUE BIOPHARMA INC
BTAI,BIOXCEL THERAPEUTICS INC
APLT,APPLIED THERAPEUTICS INC
OCUL,OCULAR THERAPEUTIX INC
PHBI,PHARMAGREEN BIOTECH INC
GALT,GALECTIN THERAPEUTICS INC
ARDX,ARDELYX INC
NTEC,INTEC PHARMA LTD
CKPT,CHECKPOINT THERAPEUTICS INC
LQDA,LIQUIDIA TECHNOLOGIES INC
YCBD,CBDMD INC
SBBP,STRONGBRIDGE BIOPHARMA PLC
NTRB,NUTRIBAND INC
LFVN,LIFEVANTAGE CORP
SYBX,SYNLOGIC INC
SESN,SESEN BIO INC
AVXL,ANAVEX LIFE SCIENCES CORP
XYN,XYNOMIC PHARMACEUTICALS HOLD
ACER,ACER THERAPEUTICS INC
WINT,WINDTREE THERAPEUTICS INC
NWBO,NORTHWEST BIOTHERAPEUTICS
NBRV,NABRIVA THERAPEUTICS PLC
DYAI,DYADIC INTERNATIONAL INC
BTX,BIOTIME INC
ADRO,ADURO BIOTECH INC
MNLO,MENLO THERAPEUTICS INC
XOMA,XOMA CORP
OSMT,OSMOTICA PHARMACEUTICALS PLC
TRVI,TREVI THERAPEUTICS INC
JNCE,JOUNCE THERAPEUTICS INC
NTGN,NEON THERAPEUTICS INC
PTE,POLARITYTE INC
ETON,ETON PHARMACEUTICALS INC
HROW,HARROW HEALTH INC
OWPC,ONE WORLD PHARMA INC
FOMX,FOAMIX PHARMACEUTICALS LTD
MBIO,MUSTANG BIO INC
CYDY,CYTODYN INC
MCRB,SERES THERAPEUTICS INC
XCUR,EXICURE INC
TOCA,TOCAGEN INC
VNRX,VOLITIONRX LTD
HGEN,HUMANIGEN INC
GLMD,GALMED PHARMACEUTICALS LTD
NVAX,NOVAVAX INC
BIXT,BIOXYTRAN INC
ADMS,ADAMAS PHARMACEUTICALS INC
CURR,CURE PHARMACEUTICAL HOLDING
PRTK,PARATEK PHARMACEUTICALS INC
TYME,TYME TECHNOLOGIES INC
MTNB,MATINAS BIOPHARMA HOLDINGS I
ENLV,ENLIVEX THERAPEUTICS LTD
AVEO,AVEO PHARMACEUTICALS INC
INMB,INMUNE BIO INC
FBIO,FORTRESS BIOTECH INC
MDWD,MEDIWOUND LTD
CSBR,CHAMPIONS ONCOLOGY INC
APTX,APTINYX INC
AGE,AGEX THERAPEUTICS INC
AQST,AQUESTIVE THERAPEUTICS INC
EQ,EQUILLIUM INC
AVDL,AVADEL PHARMACEUTICALS PLC
PTGEF,PORTAGE BIOTECH INC
CRVS,CORVUS PHARMACEUTICALS INC
NK,NANTKWEST INC
SURF,SURFACE ONCOLOGY INC
GNBT,GENEREX BIOTECHNOLOGY CORP
TRVN,TREVENA INC
ITRM,ITERUM THERAPEUTICS PLC
RIBT,RICEBRAN TECHNOLOGIES
CPIX,CUMBERLAND PHARMACEUTICALS
ATXI,AVENUE THERAPEUTICS INC
ALNA,ALLENA PHARMACEUTICALS INC
NHTC,NATURAL HEALTH TRENDS CORP
VSTM,VERASTEM INC
PCSA,PROCESSA PHARMACEUTICALS INC
SELB,SELECTA BIOSCIENCES INC
BMMJ,BODY & MIND INC
IMUX,IMMUNIC INC
INFI,INFINITY PHARMACEUTICALS INC
NAII,NATURAL ALTERNATIVES INTL
NTRP,NEUROTROPE INC
ONCT,ONCTERNAL THERAPEUTICS INC
AXGT,AXOVANT GENE THERAPIES LTD
ABUS,ARBUTUS BIOPHARMA CORP
PSTI,PLURISTEM THERAPEUTICS INC
CBIO,CATALYST BIOSCIENCES INC
RLMD,RELMADA THERAPEUTICS INC
BLCM,BELLICUM PHARMACEUTICALS INC
DRRX,DURECT CORPORATION
UMRX,UNUM THERAPEUTICS INC
ANIX,ANIXA BIOSCIENCES INC
ALPN,ALPINE IMMUNE SCIENCES INC
IDRA,IDERA PHARMACEUTICALS INC
CWBR,COHBAR INC
IFRX,INFLARX NV
SBPH,SPRING BANK PHARMACEUTICALS
BCLI,BRAINSTORM CELL THERAPEUTICS
HOTH,HOTH THERAPEUTICS INC
VFRM,VERITAS FARMS INC
HSDT,HELIUS MEDICAL TECHNOLOGIES
MACK,MERRIMACK PHARMACEUTICALS IN
SXTC,CHINA SXT PHARMACEUTICALS IN
COCP,COCRYSTAL PHARMA INC
GNCA,GENOCEA BIOSCIENCES INC
OTIC,OTONOMY INC
QNTA,QUANTA INC
LXRP,LEXARIA BIOSCIENCE CORP
ARCT,ARCTURUS THERAPEUTICS LTD
ADMP,ADAMIS PHARMACEUTICALS CORP
NEOS,NEOS THERAPEUTICS INC
ARDS,ARIDIS PHARMACEUTICALS INC
PKTX,PROTOKINETIX INC
CATB,CATABASIS PHARMACEUTICALS IN
ARAV,ARAVIVE INC
AGTC,APPLIED GENETIC TECHNOLOGIES
AMPE,AMPIO PHARMACEUTICALS INC
ONVO,ORGANOVO HOLDINGS INC
ORGS,ORGENESIS INC
ALIM,ALIMERA SCIENCES INC
VTVT,VTV THERAPEUTICS INC- CL A
NOVN,NOVAN INC
ELTP,ELITE PHARMACEUTICALS INC
OVID,OVID THERAPEUTICS INC
VCNX,VACCINEX INC
SCPH,SCPHARMACEUTICALS INC
ORMP,ORAMED PHARMACEUTICALS INC
PLX,PROTALIX BIOTHERAPEUTICS INC
ARTH,ARCH THERAPEUTICS INC
HTGM,HTG MOLECULAR DIAGNOSTICS
SCYX,SCYNEXIS INC
EYEN,EYENOVIA INC
AGRX,AGILE THERAPEUTICS INC
NLNK,NEWLINK GENETICS CORP
EMBI,EMERALD BIOSCIENCE INC
MJNA,MEDICAL MARIJUANA INC
OPGX,OPTIGENEX INC
CHHE,CHINA HEALTH INDUSTRIES HOLD
ECOR,ELECTROCORE INC
AQXP,AQUINOX PHARMACEUTICALS INC
ISEE,IVERIC BIO INC
MBRX,MOLECULIN BIOTECH INC
AXIM,AXIM BIOTECHNOLOGIES INC
SEEL,SEELOS THERAPEUTICS INC
CTIC,CTI BIOPHARMA CORP
HPMM,HEMP NATURALS INC
ZFGN,ZAFGEN INC
OTLK,OUTLOOK THERAPEUTICS INC
CBDY,TARGET GROUP INC
PTI,PROTEOSTASIS THERAPEUTICS IN
IGXT,INTELGENX TECHNOLOGIES CORP
SRRA,SIERRA ONCOLOGY INC
OPNT,OPIANT PHARMACEUTICALS INC
ZSAN,ZOSANO PHARMA CORP
SGNI,STEMGEN INC
ICCC,IMMUCELL CORP
FWP,FORWARD PHARMA A/S-ADR
CRIS,CURIS INC
AITB,AIT THERAPEUTICS INC
STNN,EPHS HOLDINGS INC
ENTX,ENTERA BIO LTD
SNSS,SUNESIS PHARMACEUTICALS INC
IPIX,INNOVATION PHARMACEUTICALS I
VBLT,VASCULAR BIOGENICS LTD
PMCB,PHARMACYTE BIOTECH INC
PLXP,PLX PHARMA INC
PIRE,PIERRE CORP
INNT,INNOVATE BIOPHARMACEUTICALS
ATNM,ACTINIUM PHARMACEUTICALS INC
TTPH,TETRAPHASE PHARMACEUTICALS I
BPTH,BIO-PATH HOLDINGS INC
CDTX,CIDARA THERAPEUTICS INC
EXDI,EXACTUS INC
KMPH,KEMPHARM INC
ARPO,AERPIO PHARMACEUTICALS INC
CFRX,CONTRAFECT CORP
NBY,NOVABAY PHARMACEUTICALS INC
BCDAD,BIOCARDIA INC
MTEX,MANNATECH INC
CNBX,CANNABICS PHARMACEUTICALS IN
CLSD,CLEARSIDE BIOMEDICAL INC
CBDS,CANNABIS SATIVA INC
APVO,APTEVO THERAPEUTICS INC
AZRX,AZURRX BIOPHARMA INC
CLSN,CELSION CORP
ZGSI,ZERO GRAVITY SOLUTIONS INC
GHSI,GUARDION HEALTH SCIENCES INC
GBLX,GB SCIENCES INC
CLDX,CELLDEX THERAPEUTICS INC
VVUS,VIVUS INC
MCOA,MARIJUANA COMPANY OF AMERICA
ADYX,ADYNXX INC
DMAC,DIAMEDICA THERAPEUTICS INC
LPCN,LIPOCINE INC
VTGN,VISTAGEN THERAPEUTICS INC
AKTX,AKARI THERAPEUTICS PLC-ADR
PRPH,PROPHASE LABS INC
TLGT,TELIGENT INC
BKIT,BLAKE INSOMNIA THERAPEUTICS
IGC,INDIA GLOBALIZATION CAPITAL
PDSB,PDS BIOTECHNOLOGY CORP
SNNA,SIENNA BIOPHARMACEUTICALS IN
LPTX,LEAP THERAPEUTICS INC
BIVI,BIOVIE INC
ALT,ALTIMMUNE INC
ETST,EARTH SCIENCE TECH INC
ONCS,ONCOSEC MEDICAL INC
EDSA,EDESA BIOTECH INC
NLBS,NUTRALIFE BIOSCIENCES INC
CNAB,UNITED CANNABIS CORP
AYTU,AYTU BIOSCIENCE INC
ARMP,ARMATA PHARMACEUTICALS INC
RZLT,REZOLUTE INC
RGRX,REGENERX BIOPHARMACEUTICALS
CNAT,CONATUS PHARMACEUTICALS INC
ALRN,AILERON THERAPEUTICS INC
CAPD,CANNAPOWDER INC
HTBX,HEAT BIOLOGICS INC
MLNT,MELINTA THERAPEUTICS INC
CTXR,CITIUS PHARMACEUTICALS INC
TOMDF,TODOS MEDICAL LTD
SPHS,SOPHIRIS BIO INC
OGEN,ORAGENICS INC
SNYR,SYNERGY CHC CORP
GNPX,GENPREX INC
CLRB,CELLECTAR BIOSCIENCES INC
REXN,REXAHN PHARMACEUTICALS INC
HSGX,HISTOGENICS CORP
ADXS,ADVAXIS INC
RGLS,REGULUS THERAPEUTICS INC
QBIO,Q BIOMED INC
AXRX,AMEXDRUG CORP
VCBD,VITALIBIS INC
ATOS,ATOSSA GENETICS INC
LVRLF,CORDOVACANN CORP
ONTX,ONCONOVA THERAPEUTICS INC
ACHV,ACHIEVE LIFE SCIENCES INC
PHCG,PURE HARVEST CANNABIS GROUP
ADIL,ADIAL PHARMACEUTICALS INC
NNVC,NANOVIRICIDES INC
ZIVO,ZIVO BIOSCIENCE INC
NVUS,NOVUS THERAPEUTICS INC
VICL,VICAL INC
CDXI,CARDAX INC
HDVY,HEALTH DISCOVERY CORP
HBMK,HUBEI MINKANG PHARMACEUTICAL
SAVA,CASSAVA SCIENCES INC
FCSC,FIBROCELL SCIENCE INC
AIPT,PRECISION THERAPEUTICS INC
BIOC,BIOCEPT INC
TCON,TRACON PHARMACEUTICALS INC
LIFE,ATYR PHARMA INC
CYAN,CYANOTECH CORP
PULM,PULMATRIX INC
TTNP,TITAN PHARMACEUTICALS INC
PVCT,PROVECTUS BIOPHARMACEUTICA-A
BSTG,BIOSTAGE INC
CBLI,CLEVELAND BIOLABS INC
NVLN,NOVELION THERAPEUTICS INC
QRON,QRONS INC
ARTL,ARTELO BIOSCIENCES INC
PTIX,PROTAGENIC THERAPEUTICS INC
IBIO,IBIO INC
CRYO,AMERICAN CRYOSTEM CORP
EVOK,EVOKE PHARMA INC
DFFN,DIFFUSION PHARMACEUTICALS IN
TYHT,SHINECO INC
DARE,DARE BIOSCIENCE INC
AMMJ,AMERICAN CANNABIS CO INC
TROV,TROVAGENE INC
PRTT,PROTECT PHARMACEUTICAL CORP
GEMP,GEMPHIRE THERAPEUTICS INC
MATN,MATEON THERAPEUTICS INC
GTBP,GT BIOPHARMA INC
AMAR,AMARILLO BIOSCIENCES INC
SNGX,SOLIGENIX INC
GRUSF,GROWN ROGUE INTERNATIONAL IN
CYTR,CYTRX CORP
ETBI,EASTGATE BIOTECH CORP
CPHI,CHINA PHARMA HOLDINGS INC
HEB,HEMISPHERX BIOPHARMA INC
GBLP,GLOBAL PHARMATECH INC
KBPH,KYTO TECHNOLOGY & LIFE SCIEN
CYIG,SPRING PHARMACEUTICAL GROUP
MYMX,MYMETICS CORP
VBIO,VITALITY BIOPHARMA INC
NAVB,NAVIDEA BIOPHARMACEUTICALS I
KAYS,KAYA HOLDINGS INC
MYOS,MYOS RENS TECHNOLOGY INC
SNBP,SUN BIOPHARMA INC
CAPR,CAPRICOR THERAPEUTICS INC
VXRT,VAXART INC
EYEG,EYEGATE PHARMACEUTICALS
EARS,AURIS MEDICAL HOLDING LTD
GNMX,AEVI GENOMIC MEDICINE INC
ENZN,ENZON PHARMACEUTICALS INC
INSY,INSYS THERAPEUTICS INC
SLS,SELLAS LIFE SCIENCES GROUP I
CXUS,CELEXUS INC
CBDG,THC FARMACEUTICALS INC
ORGH,ORGHARVEST INC
TNXP,TONIX PHARMACEUTICALS HOLDIN
FLKS,FLEX PHARMA INC
ABIO,ARCA BIOPHARMA INC
MSRT,MASSROOTS
BPMX,BIOPHARMX CORP
PHIO,PHIO PHARMACEUTICALS CORP
CYCC,CYCLACEL PHARMACEUTICALS INC
FTLF,FITLIFE BRANDS INC
TENX,TENAX THERAPEUTICS INC
CBDC,APOTHECA BIOSCIENCES INC
OHRP,OHR PHARMACEUTICAL INC
NDRA,ENDRA LIFE SCIENCES INC
SNOA,SONOMA PHARMACEUTICALS INC
RELV,RELIV INTERNATIONAL INC
SYN,SYNTHETIC BIOLOGICS INC
ULUR,ULURU INC
HXBM,HELIX BIOMEDIX INC
PRTO,PROTEON THERAPEUTICS INC
OPGN,OPGEN INC
BRTX,BIORESTORATIVE THERAPIES INC
LVVV,LIVEWIRE ERGOGENICS INC
CUR,NEURALSTEM INC
CCAN,CANADIAN CANNABIS CORP
RTTR,RITTER PHARMACEUTICALS INC
AKER,AKERS BIOSCIENCES INC
DMPI,DELMAR PHARMACEUTICALS INC
TECR,TECHCARE CORP
INBP,INTEGRATED BIOPHARMA INC
PXYN,PRAXSYN CORP
WSRC,WESTERN SIERRA RESOURCE CORP
BZYR,BURZYNSKI RESEARCH INSTITUTE
CELZ,CREATIVE MEDICAL TECHNOLOGY
ENDV,ENDONOVO THERAPEUTICS INC
ISCO,INTERNATIONAL STEM CELL CORP
BSEM,BIOSTEM TECHNOLOGIES INC
CTTH,CTT PHARMACEUTICAL HOLDINGS
ACETQ,ACETO CORP
CTRV,CONTRAVIR PHARMACEUTICALS IN
PARNF,PARNELL PHARMACEUTICALS HOLD
NXEN,NEXIEN BIOPHARMA INC
AGGX,ANGIOGENEX INC
WIZP,WIZE PHARMA INC
INNV,INNOVUS PHARMACEUTICALS INC
ACUR,ACURA PHARMACEUTICALS INC
EAPH,EASTON PHARMACEUTICALS INC
USRM,US STEM CELL INC
MCTC,MCTC HOLDINGS INC
TAUG,TAURIGA SCIENCES INC
BSPK,BESPOKE EXTRACTS INC
EQLB,EQ LABS INC
PKPH,PEAK PHARMACEUTICALS INC
OWCP,OWC PHARMACEUTICAL RESEARCH
POLXF,POLYDEX PHARMACEUTICALS LTD
PPCB,PROPANC BIOPHARMA INC
NNLX,NANOLOGIX INC
ARDMQ,ARADIGM CORP
RDGA,RIDGEFIELD ACQUISITION CORP
RSPI,RESPIRERX PHARMACEUTICALS IN
TIKRF,TIKCRO TECHNOLOGIES LTD
NSTM,NOVELSTEM INTERNATIONAL CORP
PRTX,PROTALEX INC
GCGX,GLOBAL CONSORTIUM INC
BDPT,BIOADAPTIVES INC
ATRX,ADHERA THERAPEUTICS INC
GMVP,GRIDIRON BIONUTRIENTS INC
BTHE,BOSTON THERAPEUTICS INC
OBMP,ONCBIOMUNE PHARMACEUTICALS I
GLPH,GALA PHARMACEUTICAL INC
HESG,HEALTH SCIENCES GROUP INC
EMGE,EMERGENT HEALTH CORP
YBAO,YBCC INC
ONOV,BIONOVELUS INC
MPME,MEDISUN PRECISION MEDICINE L
CGYG,CHINA LONGYI GROUP INTERNATI
WPHM,WINSTON PHARMACEUTICALS INC
VPRO,VIROPRO INC
PCYN,PROCYON CORP
CRXM,TAXUS CARDIUM PHARMACEUTICAL
ANTH,ANTHERA PHARMACEUTICALS INC
PARS,PHARMOS CORP
NPHC,NUTRA PHARMA CORP
TLOG,TETRALOGIC PHARMACEUTICALS C
CPHB,CHINA PHARMAHUB CORP
CHME,CHINA MEDICINE CORP
HRBR,HARBOR DIVERSIFIED INC
RBII,RISING BIOSCIENCES INC
AKAOQ,ACHAOGEN INC
AMBS,AMARANTUS BIOSCIENCE HOLDING
VRTT,VIATAR CTC SOLUTIONS INC
SYUP,ANBC INC
MNTM,MOUNT TAM BIOTECHNOLOGIES IN
SIGO,SUNSET ISLAND GROUP INC
AOXG,AOXING PHARMACEUTICAL CO INC
TNPH,TIAN'AN PHARMACEUTICAL CO LT
IFUS,IMPACT FUSION INTERNATIONAL
PCNT,POINT OF CARE NANO-TECHNOLOG
RAFA,RAFARMA PHARMACEUTICALS INC
CDSG,CHINA DONGSHENG INTERNATIONA
MYRX,MYREXIS INC
FHAI,FOUNTAIN HEALTHY AGING INC
PTEO,PROTEO INC
ETNI,ENTEST GROUP INC
PXRB,PIXARBIO CORP
AFFY,AFFYMAX INC
IMNPQ,IMMUNE PHARMACEUTICALS INC
GTVI,JOWAY HEALTH INDUSTRIES GROU
SKVI,SKINVISIBLE INC
VGLS,VG LIFE SCIENCES INC
ERBB,AMERICAN GREEN INC
BMSN,BIO-MATRIX SCIENTIFIC GROUP
BGES,BIO-BRIDGE SCIENCE INC
SOAN,ANGIOSOMA INC
BEES,BEESFREE INC
GPLB,GREEN PLANET BIO ENGINEERING
AMHV,AMERICAN HEMP VENTURES INC
ARGSQ,ARGOS THERAPEUTICS INC
IGNE,IGENE BIOTECHNOLOGY INC
CXBS,CORIX BIOSCIENCE INC
DRNK,NOHO INC
OMHE,OMNI HEALTH INC
OVIT,ONCOVISTA INNOVATIVE THERAPI
FPMI,FLUOROPHARMA MEDICAL INC
STLT,SPOTLIGHT INNOVATION INC
MMRF,MMRGLOBAL INC
HTDS,HARD TO TREAT DISEASES INC
GOVX,GEOVAX LABS INC
NSPX,INSPYR THERAPEUTICS INC
CTBO,CANTABIO PHARMACEUTICALS INC
MCET,MULTICELL TECHNOLOGIES INC
ENDO,ENDOCAN CORP
SBFM,SUNSHINE BIOPHARMA INC
MBVXQ,MABVAX THERAPEUTICS HOLDINGS
CPDU,CHINA PEDIATRIC PHARMACEUTIC
ACUS,ACUSPHERE INC
LCAR,LESCARDEN INC
TGLP,TONGLI PHARMACEUTICALS USA
KOVR,KORVER CORP
ICBU,IMD COS INC
AIDA,AIDA PHARMACEUTICALS INC
BSPM,BIOSTAR PHARMACEUTICALS INC
OMBP,OMNI BIO PHARMACEUTICAL INC
GBIM,GLOBEIMMUNE INC
PTLF,PETLIFE PHARMACEUTICALS INC
MLPH,MOLECULAR PHARMACOLOGY USA L
PPMD,PROTIDE PHARMACEUTICALS INC
LQWC,LIFEQUEST WORLD CORP
PTXTQ,PERNIX THERAPEUTICS HOLDINGS
SGTI,SHENGTAI PHARMACEUTICAL INC
NCAP,NORTHSIGHT CAPITAL INC
EEIG,024 PHARMA INC
EFLI,CELL TECH INTERNATIONAL INC
LTUS,LOTUS PHARMACEUTICALS INC
GENX,GENEX PHARMACEUTICAL INC
RGBP,REGEN BIOPHARMA INC
ERGO,ENTIA BIOSCIENCES INC
MRPI,MERA PHARMACEUTICALS INC
HSTC,HST GLOBAL INC
AOLS,AEOLUS PHARMACEUTICALS INC
NUVM,NUVIM INC
RBCC,RAINBOW CORAL CORP
RCHA,RICH PHARMACEUTICALS INC